index,Unnamed: 0,tweetID,tweetText,tweetRetweetCt,tweetFavoriteCt,tweetSource,tweetCreated,userID,userScreen,userName,userCreateDt,userDesc,userLocation,SumRetweetFavorite,is Noise,pos_count,PRetweetFavoriteWeight,neg_count,NRetweetFavoriteWeight,sentiment,clean text,tokens,KeyWords,saudiLocations,reqKeywords,sentiment_codes,translated_keywords
64,64,1508126514491105294,"@High_voltage999 @aborayan1423 اذاً نشرك السلطات الاخرى التي بها نثق وبرجالها بعد الله  بهاذا النقاش 
#هيئة_الرقابة_ومكافحة_الفساد",1,0,Twitter for iPhone,2022-03-27 16:59:15+00:00,1285580195433455616,Moh__alfaissaly,محمد الفيصلي. 🇸🇦,2020-07-21 14:20:06+00:00,"بكالوريوس هندسة ميكانيكية و شهادة الماجستير بالتجاره الدولية والامداد من فرنسا . Diplômé en France, BA en Méchanique et MA en Commerce International et log",#Riyadh_KSA,1,ok,1,1,2,2,Negative,اذاً نشرك السلطات الاخري التي بها نثق وبرجالها بعد الله بهاذا النقاش هيئه الرقابه ومكافحه الفساد,"['اذا', 'نشرك', 'السلطات', 'الاخري', 'التي', 'بها', 'نثق', 'وبرجالها', 'بعد', 'الله', 'بهاذا', 'النقاش', 'هيئه', 'الرقابه', 'ومكافحه', 'الفساد']","نشرك, السلطات, الاخري, التي, بها, نثق, وبرجالها, بهاذا, النقاش, هيئه, الرقابه, ومكافحه, الفساد",ksa,Corruption,-1,"Your deployment, powers, other, her, trust, and trap, so, discussion, body, control, fight, corruption"
63,63,1508128162563112974,@alekhbariyatv هذي مسؤولية وتقصير #وزارة_الشؤون_البلدية_والقروية_والإسكان الأن هي الوسيط وهي المشرفه وهي الضامنه ما… https://t.co/HbSY5Gap38,0,0,Twitter for Android,2022-03-27 17:05:48+00:00,746062664330285056,2005ahmeed1,Ahmed q m Aldossry,2016-06-23 19:29:35+00:00,مواطن سعودي يعشق تراب وطنه,المملكة العربية السعودية,0,ok,3,3,0,0,Positive,هذي مسووليه وتقصير وزاره الشوون البلديه والقرويه والاسكان الان هي الوسيط وهي المشرفه وهي الضامنه ما,"['هذي', 'مسووليه', 'وتقصير', 'وزاره', 'الشوون', 'البلديه', 'والقرويه', 'والاسكان', 'الان', 'هي', 'الوسيط', 'وهي', 'المشرفه', 'وهي', 'الضامنه', 'ما']","مسووليه, وتقصير, وزاره, الشوون, البلديه, والقرويه, والاسكان, الان, الوسيط, وهي, المشرفه, وهي, الضامنه",لمملكة العربية السعودية,Housing,1,"The responsibility, shorten, ministry, affairs, municipal, villages, housing, now, mediator, which, the supervisor, which is guarantor"
60,60,1508322698367324165,"#وزير_الصحة 
#هيئة_الرقابة_ومكافحة_الفساد 
معالي الوزير ابناء الوطن تخرجوا اطباء ومتكدسون بالبيوت لم يتم ادراجهم بب… https://t.co/pkQYtBmfIO",0,0,Twitter for iPhone,2022-03-28 05:58:49+00:00,1285580195433455616,Moh__alfaissaly,محمد الفيصلي. 🇸🇦,2020-07-21 14:20:06+00:00,"بكالوريوس هندسة ميكانيكية و شهادة الماجستير بالتجاره الدولية والامداد من فرنسا . Diplômé en France, BA en Méchanique et MA en Commerce International et log",#Riyadh_KSA,0,ok,0,0,0,0,Neutral,وزير الصحه هيئه الرقابه ومكافحه الفساد معالي الوزير ابناء الوطن تخرجوا اطباء ومتكدسون بالبيوت لم يتم ادراجهم بب,"['وزير', 'الصحه', 'هيئه', 'الرقابه', 'ومكافحه', 'الفساد', 'معالي', 'الوزير', 'ابناء', 'الوطن', 'تخرجوا', 'اطباء', 'ومتكدسون', 'بالبيوت', 'لم', 'يتم', 'ادراجهم', 'بب']","وزير, الصحه, هيئه, الرقابه, ومكافحه, الفساد, معالي, الوزير, ابناء, الوطن, تخرجوا, اطباء, ومتكدسون, بالبيوت, لم, يتم, ادراجهم, بب",ksa,Health,0,"Minister, Health, Sensation, Control, Corruption, His Excellency, Minister, Sons, Home, Doctors, Doctors, Stand, Baloat, No, Insert them,"
58,58,1508362458494390273,الله يعزكم كفيتو ووفيتوا وكشفتوا الخايبين المستغلين المكرشين بالحرام 👍 #هيئة_الرقابة_ومكافحة_الفساد,1,5,Twitter for iPhone,2022-03-28 08:36:48+00:00,1165394733012836353,yaser_i,عبدالسلام العرجان,2019-08-24 22:45:50+00:00,"معلم بمتوسطة الامير عبدالمجيد"" اغرد بما تروق له نفسي """,االسعودية الجوف ,6,ok,1,6,1,6,Neutral,الله يعزكم كفيتو ووفيتوا وكشفتوا الخايبين المستغلين المكرشين بالحرام هيئه الرقابه ومكافحه الفساد,"['الله', 'يعزكم', 'كفيتو', 'ووفيتوا', 'وكشفتوا', 'الخايبين', 'المستغلين', 'المكرشين', 'بالحرام', 'هيئه', 'الرقابه', 'ومكافحه', 'الفساد']","يعزكم, كفيتو, ووفيتوا, وكشفتوا, الخايبين, المستغلين, المكرشين, بالحرام, هيئه, الرقابه, ومكافحه, الفساد",السعودية,Corruption,0,"I love you, Kvito, and my death, revealed, Alkhaibin, exploited, murders, inhar, body, control, and fighting, corruption"
56,56,1508452263823609860,"#الموارد_البشرية 
#هيئة_الرقابة_ومكافحة_الفساد 
#المجتمع_الوظيفي 
مهم جداً https://t.co/6qJRc0iYwL",3,17,Twitter for Android,2022-03-28 14:33:40+00:00,716531879919415297,deereti,عبدالله هبيلي ‏‏‏‏‏‏‏‏‏‏‏‏‏‏‏‏‏‏‏‏‏‏‏‏‏‏‏‏‏‏‏,2016-04-03 07:44:47+00:00,"ماجستيرقانون مستشارقانوني 
مهتم بالخدمة المدنيةوالعسكريةوالتظلُّمات والموارد البشريةونظام العمل ،وريادة الأعمال 
سناب شات https://t.co/gUKDuKxN7S",المملكة العربية السعودية,20,ok,0,0,0,0,Neutral,الموارد البشريه هيئه الرقابه ومكافحه الفساد المجتمع الوظيفي مهم جداً,"['الموارد', 'البشريه', 'هيئه', 'الرقابه', 'ومكافحه', 'الفساد', 'المجتمع', 'الوظيفي', 'مهم', 'جدا']","الموارد, البشريه, هيئه, الرقابه, ومكافحه, الفساد, المجتمع, الوظيفي, مهم, جدا",لمملكة العربية السعودية,Corruption,0,"Resources, human, body, control, fight, corruption, community, career, important, very"
55,55,1508454500260257793,"RT @deereti: #الموارد_البشرية 
#هيئة_الرقابة_ومكافحة_الفساد 
#المجتمع_الوظيفي 
مهم جداً https://t.co/6qJRc0iYwL",3,0,Twitter for iPhone,2022-03-28 14:42:33+00:00,2972673572,Alotibi_CTE,﮼عبدالله،عيد،العتيبي,2015-01-10 18:02:58+00:00,دبلوم عالي تطوير موارد بشريةمدرب محترف مدير موارد بشرية سابقاً أنظر إلى الغد نظرة تفاؤل وإلى اليوم نظرة إنجاز والى الأمس نظرة نجاح قائل حكمة (بسمو أخلاقنا نسمو),"جدة, المملكة العربية السعودية",3,ok,0,0,0,0,Neutral,الموارد البشريه هيئه الرقابه ومكافحه الفساد المجتمع الوظيفي مهم جداً,"['الموارد', 'البشريه', 'هيئه', 'الرقابه', 'ومكافحه', 'الفساد', 'المجتمع', 'الوظيفي', 'مهم', 'جدا']","الموارد, البشريه, هيئه, الرقابه, ومكافحه, الفساد, المجتمع, الوظيفي, مهم, جدا",لمملكة العربية السعودية,Corruption,0,"Resources, human, body, control, fight, corruption, community, career, important, very"
54,54,1508463415722922000,RT @yaser_i: الله يعزكم كفيتو ووفيتوا وكشفتوا الخايبين المستغلين المكرشين بالحرام 👍 #هيئة_الرقابة_ومكافحة_الفساد,1,0,Twitter for Android,2022-03-28 15:17:58+00:00,631042243,aboyazed17,𝓜𝓸𝓱𝓪𝓶𝓶𝓮𝓭 𝓑𝓲𝓷 𝓡𝓪𝓳𝓪 𝓐𝓵𝓽𝓵𝔂𝓪𝓪𝓷,2012-07-09 12:09:22+00:00,"ɢᴇɴᴇʀᴀʟ ʀᴇᴛɪʀᴇᴅ
** ربنا آتنا من لدنك رحمة وهيئ لنا من أمرنا رشدا **
اللهم إجعل ما نكتبه شاهدا لنا ولا تجعله شاهدا علينا🤲.",الجوف. دومة الجندل,1,ok,1,1,1,1,Neutral,الله يعزكم كفيتو ووفيتوا وكشفتوا الخايبين المستغلين المكرشين بالحرام هيئه الرقابه ومكافحه الفساد,"['الله', 'يعزكم', 'كفيتو', 'ووفيتوا', 'وكشفتوا', 'الخايبين', 'المستغلين', 'المكرشين', 'بالحرام', 'هيئه', 'الرقابه', 'ومكافحه', 'الفساد']","يعزكم, كفيتو, ووفيتوا, وكشفتوا, الخايبين, المستغلين, المكرشين, بالحرام, هيئه, الرقابه, ومكافحه, الفساد",دومة الجندل,Corruption,0,"I love you, Kvito, and my death, revealed, Alkhaibin, exploited, murders, inhar, body, control, and fighting, corruption"
53,53,1508471022080733207,"RT @ibrahim_mashni: سيحال الموظف العام المخالف إلى #نزاهة للتحقيق معه في بعض الحالات (بدلا من التحقيق معه في داخل الجهة التي يعمل بها)
فقد…",4,0,Twitter for Android,2022-03-28 15:48:12+00:00,1434041272382148609,K1kEMEHPyhYzP8n,ألمرحوم بدر,2021-09-04 06:31:12+00:00,‏‏‏اللهم أحفظ حكومتنا الرشيده,"الرياض, المملكة العربية السعود",4,ok,0,0,1,4,Negative,سيحال الموظف العام المخالف الي نزاهه للتحقيق معه في بعض الحالات بدلا من التحقيق معه في داخل الجهه التي يعمل بها فقد,"['سيحال', 'الموظف', 'العام', 'المخالف', 'الي', 'نزاهه', 'للتحقيق', 'معه', 'في', 'بعض', 'الحالات', 'بدلا', 'من', 'التحقيق', 'معه', 'في', 'داخل', 'الجهه', 'التي', 'يعمل', 'بها', 'فقد']","سيحال, الموظف, العام, المخالف, نزاهه, للتحقيق, معه, بعض, الحالات, بدلا, التحقيق, معه, داخل, الجهه, التي, يعمل, بها, فقد",المملكة العربية,Others,-1,"Still, employee, general, violation, integrity, investigation, with, some, cases, instead, investigation, inside, side, which, working, has"
50,50,1508522657133780992,دعوة | برعاية معالي رئيس #جامعة_جدة د.عدنان الحميدان تنظم الجامعة ممثلة في إدارة المراجعة الداخلية بالتعاون مع… https://t.co/FwRzvoDc8h,7,11,Twitter for iPhone,2022-03-28 19:13:23+00:00,2976329490,UOfjeddah,جامعة جدة,2015-01-12 09:42:08+00:00,حساب تويتر الرسمي لـ #جامعة_جدة || This is the official twitter account for University of Jeddah,جدة,18,ok,0,0,1,18,Negative,دعوه برعايه معالي رئيس جامعه جده دعدنان الحميدان تنظم الجامعه ممثله في اداره المراجعه الداخليه بالتعاون مع,"['دعوه', 'برعايه', 'معالي', 'رئيس', 'جامعه', 'جده', 'دعدنان', 'الحميدان', 'تنظم', 'الجامعه', 'ممثله', 'في', 'اداره', 'المراجعه', 'الداخليه', 'بالتعاون', 'مع']","دعوه, برعايه, معالي, رئيس, جامعه, جده, دعدنان, الحميدان, تنظم, الجامعه, ممثله, اداره, المراجعه, الداخليه, بالتعاون",جدة,Others,-1,"Call him, sponsored, honey, president, university, grandmother, Adnan, Humaidan, organizing, university, representative, administration, review, internal, interior, in cooperation"
49,49,1508535418932842497,هناك الكثير من التعاملات تقع ضمن نطاق عمل #هيئة_الرقابة_ومكافحة_الفساد حتى في أبسط الأمور، بغض النظر عن من يكون؟ وم… https://t.co/GBGpedLjHz,1,0,Twitter for iPhone,2022-03-28 20:04:05+00:00,129089959,Bader_Alziad,بدر الزياد,2010-04-03 04:24:18+00:00,مراسل مجموعة قنوات24 السعودية  @Saudi24 ، عضو هيئة الصحفيين السعوديين، عضو جائزة أمير منطقة #حائل #بصمة .. مهندس، وتغريداتي هنا تمثل رأيي.. #تلبية,المملكة العربية السعودية حائل,1,ok,0,0,0,0,Neutral,هناك الكثير من التعاملات تقع ضمن نطاق عمل هيئه الرقابه ومكافحه الفساد حتي في ابسط الامور بغض النظر عن من يكون وم,"['هناك', 'الكثير', 'من', 'التعاملات', 'تقع', 'ضمن', 'نطاق', 'عمل', 'هيئه', 'الرقابه', 'ومكافحه', 'الفساد', 'حتي', 'في', 'ابسط', 'الامور', 'بغض', 'النظر', 'عن', 'من', 'يكون', 'وم']","الكثير, التعاملات, تقع, ضمن, نطاق, عمل, هيئه, الرقابه, ومكافحه, الفساد, ابسط, الامور, بغض, النظر, وم",لمملكة العربية السعودية,Corruption,0,"Lot, trading, fall, within, scope, work, body, control, fight, corruption, simpler, things, regardless, looking, m"
48,48,1508536293151621122,RT @Bader_Alziad: هناك الكثير من التعاملات تقع ضمن نطاق عمل #هيئة_الرقابة_ومكافحة_الفساد حتى في أبسط الأمور، بغض النظر عن من يكون؟ وماهي صف…,1,0,Twitter for iPhone,2022-03-28 20:07:34+00:00,900783316978327552,RAEDAHANWER,رائدة الحميد,2017-08-24 18:14:13+00:00,سفيرة تلبيه وإخاء للايتام سفيرةالمسؤليةالاجتماعيةبفرع وزارة المواردالبشريةوالتنميةالاجتماعية حائل الرخصة الدولية للعمل التطوعي والمسؤلية الاجتماعية,المملكة العربية السعودية,1,ok,0,0,0,0,Neutral,هناك الكثير من التعاملات تقع ضمن نطاق عمل هيئه الرقابه ومكافحه الفساد حتي في ابسط الامور بغض النظر عن من يكون وماهي صف,"['هناك', 'الكثير', 'من', 'التعاملات', 'تقع', 'ضمن', 'نطاق', 'عمل', 'هيئه', 'الرقابه', 'ومكافحه', 'الفساد', 'حتي', 'في', 'ابسط', 'الامور', 'بغض', 'النظر', 'عن', 'من', 'يكون', 'وماهي', 'صف']","الكثير, التعاملات, تقع, ضمن, نطاق, عمل, هيئه, الرقابه, ومكافحه, الفساد, ابسط, الامور, بغض, النظر, وماهي, صف",لمملكة العربية السعودية,Corruption,0,"Lot, transactions, fall, within, scope, work, body, control, fight, corruption, simpler, things, regardless, looking, what, row"
47,47,1508539775107674127,RT @UOfjeddah: دعوة | برعاية معالي رئيس #جامعة_جدة د.عدنان الحميدان تنظم الجامعة ممثلة في إدارة المراجعة الداخلية بالتعاون مع  #هيئة_الرقاب…,7,0,Twitter Web App,2022-03-28 20:21:24+00:00,4263068945,Nazaha_care,خدمات الاستفسار والفعاليات,2015-11-24 07:26:33+00:00,"حساب لتلقي الاستفسارات ونشر الفعاليات المتعلقة بـ #نزاهة, وبإمكانكم تقديم البلاغات عن الفساد المالي والإداري على الهاتف المجاني 980.",المملكة العربية السعودية,7,ok,0,0,1,7,Negative,دعوه برعايه معالي رئيس جامعه جده دعدنان الحميدان تنظم الجامعه ممثله في اداره المراجعه الداخليه بالتعاون مع هيئه الرقاب,"['دعوه', 'برعايه', 'معالي', 'رئيس', 'جامعه', 'جده', 'دعدنان', 'الحميدان', 'تنظم', 'الجامعه', 'ممثله', 'في', 'اداره', 'المراجعه', 'الداخليه', 'بالتعاون', 'مع', 'هيئه', 'الرقاب']","دعوه, برعايه, معالي, رئيس, جامعه, جده, دعدنان, الحميدان, تنظم, الجامعه, ممثله, اداره, المراجعه, الداخليه, بالتعاون, هيئه, الرقاب",لمملكة العربية السعودية,Others,-1,"Call him, sponsored, honey, president, university, grandfather, dadin, al-Humaidan, organizing, university, representative, administration, review, internal, in cooperation, body, necks"
40,40,1508726183646613505,"RT @deereti: #الموارد_البشرية 
#هيئة_الرقابة_ومكافحة_الفساد 
#المجتمع_الوظيفي 
مهم جداً https://t.co/6qJRc0iYwL",3,0,Twitter for iPhone,2022-03-29 08:42:07+00:00,1388679423277379591,QMB40,غريب الشمري,2021-05-02 02:19:22+00:00,••• ماجستير ادارة HR ( حساب شخصي ),المملكة العربية السعودية,3,ok,0,0,0,0,Neutral,الموارد البشريه هيئه الرقابه ومكافحه الفساد المجتمع الوظيفي مهم جداً,"['الموارد', 'البشريه', 'هيئه', 'الرقابه', 'ومكافحه', 'الفساد', 'المجتمع', 'الوظيفي', 'مهم', 'جدا']","الموارد, البشريه, هيئه, الرقابه, ومكافحه, الفساد, المجتمع, الوظيفي, مهم, جدا",لمملكة العربية السعودية,Corruption,0,"Resources, human, body, control, fight, corruption, community, career, important, very"
39,39,1508741671068090370,"ضمن برنامج #وطننا_أمانة 
شاركت #هيئة_الرقابة_ومكافحة_الفساد بالتعاون مع #جامعة_جدة في عقد ورشة عمل بعنوان ""حماية ال… https://t.co/7mRCkTznO9",1,2,Twitter Web App,2022-03-29 09:43:40+00:00,4263068945,Nazaha_care,خدمات الاستفسار والفعاليات,2015-11-24 07:26:33+00:00,"حساب لتلقي الاستفسارات ونشر الفعاليات المتعلقة بـ #نزاهة, وبإمكانكم تقديم البلاغات عن الفساد المالي والإداري على الهاتف المجاني 980.",المملكة العربية السعودية,3,ok,0,0,0,0,Neutral,ضمن برنامج وطننا امانه شاركت هيئه الرقابه ومكافحه الفساد بالتعاون مع جامعه جده في عقد ورشه عمل بعنوان حمايه ال,"['ضمن', 'برنامج', 'وطننا', 'امانه', 'شاركت', 'هيئه', 'الرقابه', 'ومكافحه', 'الفساد', 'بالتعاون', 'مع', 'جامعه', 'جده', 'في', 'عقد', 'ورشه', 'عمل', 'بعنوان', 'حمايه', 'ال']","ضمن, برنامج, وطننا, امانه, شاركت, هيئه, الرقابه, ومكافحه, الفساد, بالتعاون, جامعه, جده, عقد, ورشه, عمل, بعنوان, حمايه",لمملكة العربية السعودية,Corruption,0,"Within, program, home, security, chart, body, control, fight, corruption, collaboration, university, grandmother, contract, work, work, entitled"
37,37,1508754309466533888,"RT @annavip2030: @938 وعودكم واهيه
ولا عمل الا بعد شكوى ومطالب
ويتم عمل امور بسيطة لاسكاتنا
عذر لا يوجد ميزانية غير مقبول
حكومتنا الرشيدة ح…",1,0,Twitter for Android,2022-03-29 10:33:53+00:00,910093965776613379,althagafiomarr,لشوفك شوق يدفعني... لصوتك نفسي لوأسمع,2017-09-19 10:51:24+00:00,"تعطيني الذكرى و لا تاخذ أبد

تحكيلي الذكرى و لا تسمع لاحد",مكة المكرمة,1,ok,1,1,1,1,Neutral,وعودكم واهيه ولا عمل الا بعد شكوي ومطالب ويتم عمل امور بسيطه لاسكاتنا عذر لا يوجد ميزانيه غير مقبول حكومتنا الرشيده,"['وعودكم', 'واهيه', 'ولا', 'عمل', 'الا', 'بعد', 'شكوي', 'ومطالب', 'ويتم', 'عمل', 'امور', 'بسيطه', 'لاسكاتنا', 'عذر', 'لا', 'يوجد', 'ميزانيه', 'غير', 'مقبول', 'حكومتنا', 'الرشيده']","وعودكم, واهيه, عمل, شكوي, ومطالب, ويتم, عمل, امور, بسيطه, لاسكاتنا, عذر, يوجد, ميزانيه, غير, مقبول, حكومتنا, الرشيده",مكة,Others,0,"Your promises, the face, work, complaint, demands, work, work, simple, lack, excuse, there, budget, non, acceptable, our government, good"
35,35,1508879333774999553,RT @UOfjeddah: دعوة | برعاية معالي رئيس #جامعة_جدة د.عدنان الحميدان تنظم الجامعة ممثلة في إدارة المراجعة الداخلية بالتعاون مع  #هيئة_الرقاب…,7,0,Twitter for iPhone,2022-03-29 18:50:41+00:00,1708155823,ObaidAlmodaf,عبيد آل مظف,2013-08-28 19:55:22+00:00,وكيل الجامعة للدراسات العليا والبحث العلمي الحساب الشخصي,Jeddah,7,ok,0,0,1,7,Negative,دعوه برعايه معالي رئيس جامعه جده دعدنان الحميدان تنظم الجامعه ممثله في اداره المراجعه الداخليه بالتعاون مع هيئه الرقاب,"['دعوه', 'برعايه', 'معالي', 'رئيس', 'جامعه', 'جده', 'دعدنان', 'الحميدان', 'تنظم', 'الجامعه', 'ممثله', 'في', 'اداره', 'المراجعه', 'الداخليه', 'بالتعاون', 'مع', 'هيئه', 'الرقاب']","دعوه, برعايه, معالي, رئيس, جامعه, جده, دعدنان, الحميدان, تنظم, الجامعه, ممثله, اداره, المراجعه, الداخليه, بالتعاون, هيئه, الرقاب",jeddah,Others,-1,"Call him, sponsored, honey, president, university, grandfather, dadin, al-Humaidan, organizing, university, representative, administration, review, internal, in cooperation, body, necks"
33,33,1509067072508239875,"RT @nazaha_gov_sa: المنتدى العربي لتعزيز التعاون الدولي في مجال مكافحة الفساد.
الرياض - 22 مارس 2022م
#الاتفاقية_العربية_لمكافحة_الفساد
#هي…",41,0,Twitter for Android,2022-03-30 07:16:41+00:00,1187282843648610304,Nashy54390110,السراه,2019-10-24 08:21:37+00:00,‏‏‏‏‏‏‏‏‏‏الإيمان بالله أمان ، والإيمان بالمسئولية أمانة ٠,المملكة العربية السعودية,41,ok,0,0,0,0,Neutral,المنتدي العربي لتعزيز التعاون الدولي في مجال مكافحه الفساد الرياض مارس م الاتفاقيه العربيه لمكافحه الفساد هي,"['المنتدي', 'العربي', 'لتعزيز', 'التعاون', 'الدولي', 'في', 'مجال', 'مكافحه', 'الفساد', 'الرياض', 'مارس', 'م', 'الاتفاقيه', 'العربيه', 'لمكافحه', 'الفساد', 'هي']","المنتدي, العربي, لتعزيز, التعاون, الدولي, مجال, مكافحه, الفساد, الرياض, مارس, م, الاتفاقيه, العربيه, لمكافحه, الفساد",لمملكة العربية السعودية,Corruption,0,"Elementary, Al-Arabi, to promote, cooperation, international, field, field, corruption, Riyadh, March, m, agreement, Arabic, to fight, corruption"
32,32,1509089837239971847,"ضمن برنامج #وطننا_أمانة 
شاركت #هيئة_الرقابة_ومكافحة_الفساد بالتعاون مع #تعليم_جدة في عقد ورشة عمل افتراضية بعنوان… https://t.co/yTguZawiED",5,6,Twitter Web App,2022-03-30 08:47:09+00:00,4263068945,Nazaha_care,خدمات الاستفسار والفعاليات,2015-11-24 07:26:33+00:00,"حساب لتلقي الاستفسارات ونشر الفعاليات المتعلقة بـ #نزاهة, وبإمكانكم تقديم البلاغات عن الفساد المالي والإداري على الهاتف المجاني 980.",المملكة العربية السعودية,11,ok,0,0,0,0,Neutral,ضمن برنامج وطننا امانه شاركت هيئه الرقابه ومكافحه الفساد بالتعاون مع تعليم جده في عقد ورشه عمل افتراضيه بعنوان,"['ضمن', 'برنامج', 'وطننا', 'امانه', 'شاركت', 'هيئه', 'الرقابه', 'ومكافحه', 'الفساد', 'بالتعاون', 'مع', 'تعليم', 'جده', 'في', 'عقد', 'ورشه', 'عمل', 'افتراضيه', 'بعنوان']","ضمن, برنامج, وطننا, امانه, شاركت, هيئه, الرقابه, ومكافحه, الفساد, بالتعاون, تعليم, جده, عقد, ورشه, عمل, افتراضيه, بعنوان",لمملكة العربية السعودية,Corruption,0,"Within, program, home, safety, chart, body, control, fight, corruption, in cooperation, teaching, grandmother, contract, workshop, work, virtualization, entitled"
29,29,1509122868092850184,"شاركت #هيئة_الرقابة_ومكافحة_الفساد بالتعاون مع #جامعة_الإمام في عقد لقاء توعوي افتراضي بعنوان ""مهام واختصاصات الهيئ… https://t.co/PsDTv2WW2u",11,12,Twitter Web App,2022-03-30 10:58:24+00:00,4263068945,Nazaha_care,خدمات الاستفسار والفعاليات,2015-11-24 07:26:33+00:00,"حساب لتلقي الاستفسارات ونشر الفعاليات المتعلقة بـ #نزاهة, وبإمكانكم تقديم البلاغات عن الفساد المالي والإداري على الهاتف المجاني 980.",المملكة العربية السعودية,23,ok,0,0,2,46,Negative,شاركت هيئه الرقابه ومكافحه الفساد بالتعاون مع جامعه الامام في عقد لقاء توعوي افتراضي بعنوان مهام واختصاصات الهيئ,"['شاركت', 'هيئه', 'الرقابه', 'ومكافحه', 'الفساد', 'بالتعاون', 'مع', 'جامعه', 'الامام', 'في', 'عقد', 'لقاء', 'توعوي', 'افتراضي', 'بعنوان', 'مهام', 'واختصاصات', 'الهيئ']","شاركت, هيئه, الرقابه, ومكافحه, الفساد, بالتعاون, جامعه, الامام, عقد, لقاء, توعوي, افتراضي, بعنوان, مهام, واختصاصات, الهيئ",لمملكة العربية السعودية,Corruption,-1,"I participated, his body, control, fight, corruption, collaboration, university, Imam, contract, meeting, awareness, default, tasks, and terms of reference"
25,25,1509220942794440709,"RT @Nazaha_care: شاركت #هيئة_الرقابة_ومكافحة_الفساد بالتعاون مع #جامعة_الإمام في عقد لقاء توعوي افتراضي بعنوان ""مهام واختصاصات الهيئة"" اليو…",11,0,Twitter for iPhone,2022-03-30 17:28:07+00:00,1350088710,najla_alazan,نجلاء آل عزان,2013-04-13 20:02:15+00:00,مااحزن الله عبدًا الا ليُسعده وما ابتلى الله عبداً الا لانه يحبه 🌼 الحمدلله دائماً وابدا🌼.,الرياض,11,ok,0,0,2,22,Negative,شاركت هيئه الرقابه ومكافحه الفساد بالتعاون مع جامعه الامام في عقد لقاء توعوي افتراضي بعنوان مهام واختصاصات الهيئه اليو,"['شاركت', 'هيئه', 'الرقابه', 'ومكافحه', 'الفساد', 'بالتعاون', 'مع', 'جامعه', 'الامام', 'في', 'عقد', 'لقاء', 'توعوي', 'افتراضي', 'بعنوان', 'مهام', 'واختصاصات', 'الهيئه', 'اليو']","شاركت, هيئه, الرقابه, ومكافحه, الفساد, بالتعاون, جامعه, الامام, عقد, لقاء, توعوي, افتراضي, بعنوان, مهام, واختصاصات, الهيئه, اليو",الرياض,Corruption,-1,"Participated, struggle, control, fight, corruption, in cooperation, university, Imam, contract, meeting, awareness, default, tasks, and specialties, body"
24,24,1509221242850746375,"RT @Nazaha_care: شاركت #هيئة_الرقابة_ومكافحة_الفساد بالتعاون مع #جامعة_الإمام في عقد لقاء توعوي افتراضي بعنوان ""مهام واختصاصات الهيئة"" اليو…",11,0,Twitter for iPhone,2022-03-30 17:29:18+00:00,1484385684081184768,Ms_hwazin,﮼هوازن﮼ ﮼بنت﮼ ﮼مانع﮼❥⚖️,2022-01-21 04:42:09+00:00,بكالوريوس الشريعة جامعة الإمام محمد بن سعود.. دبلوم عالي محاماة..~انا لست كغيري وغيري ليس أنا كيفما أكون لايشبهني الآخرون .. ~⚖️محامية المستقبل ⚖️,الرياض,11,ok,0,0,2,22,Negative,شاركت هيئه الرقابه ومكافحه الفساد بالتعاون مع جامعه الامام في عقد لقاء توعوي افتراضي بعنوان مهام واختصاصات الهيئه اليو,"['شاركت', 'هيئه', 'الرقابه', 'ومكافحه', 'الفساد', 'بالتعاون', 'مع', 'جامعه', 'الامام', 'في', 'عقد', 'لقاء', 'توعوي', 'افتراضي', 'بعنوان', 'مهام', 'واختصاصات', 'الهيئه', 'اليو']","شاركت, هيئه, الرقابه, ومكافحه, الفساد, بالتعاون, جامعه, الامام, عقد, لقاء, توعوي, افتراضي, بعنوان, مهام, واختصاصات, الهيئه, اليو",الرياض,Corruption,-1,"Participated, struggle, control, fight, corruption, in cooperation, university, Imam, contract, meeting, awareness, default, tasks, and specialties, body"
23,23,1509229344027197451,كل الشكر والتقدير لمقام #هيئة_الرقابة_ومكافحة_الفساد على طرحهم  الأكثر من رائع ، كان لقاء فعّال وجميل . https://t.co/zrhBKUMpqX,0,1,Twitter for iPhone,2022-03-30 18:01:30+00:00,1484385684081184768,Ms_hwazin,﮼هوازن﮼ ﮼بنت﮼ ﮼مانع﮼❥⚖️,2022-01-21 04:42:09+00:00,بكالوريوس الشريعة جامعة الإمام محمد بن سعود.. دبلوم عالي محاماة..~انا لست كغيري وغيري ليس أنا كيفما أكون لايشبهني الآخرون .. ~⚖️محامية المستقبل ⚖️,الرياض,1,ok,5,5,0,0,Positive,كل الشكر والتقدير لمقام هيئه الرقابه ومكافحه الفساد علي طرحهم الاكثر من رائع كان لقاء فعّال وجميل,"['كل', 'الشكر', 'والتقدير', 'لمقام', 'هيئه', 'الرقابه', 'ومكافحه', 'الفساد', 'علي', 'طرحهم', 'الاكثر', 'من', 'رائع', 'كان', 'لقاء', 'فع', 'ال', 'وجميل']","الشكر, والتقدير, لمقام, هيئه, الرقابه, ومكافحه, الفساد, طرحهم, الاكثر, رائع, لقاء, فع, وجميل",الرياض,Corruption,1,"Thanks, appreciation, to place, body, control, control, fight, corruption, put them, most, wonderful, meeting, and beautiful"
19,19,1509241083104047108,"@FahadAlJalajel 
#معالي_وزير_الصحه 
#هيئة_الرقابة_ومكافحة_الفساد 
#وزارة_الصحه٩٣٧ 
 وافده بمركزي صحي الأفلاج تخالف… https://t.co/sD3oxYLjYY",1,1,Twitter for iPhone,2022-03-30 18:48:09+00:00,2838370999,ayeed818,عايض الودعاني,2014-10-02 19:40:04+00:00,من توكل على الله كفاه  لا تعجبن بدنيا أنت تاركها كم نالها من ملوك ثم قد ذهبوا,المملكة العربية السعودية,2,ok,1,2,0,0,Positive,معالي وزير الصحه هيئه الرقابه ومكافحه الفساد وزاره الصحه وافده بمركزي صحي الافلاج تخالف,"['معالي', 'وزير', 'الصحه', 'هيئه', 'الرقابه', 'ومكافحه', 'الفساد', 'وزاره', 'الصحه', 'وافده', 'بمركزي', 'صحي', 'الافلاج', 'تخالف']","معالي, وزير, الصحه, هيئه, الرقابه, ومكافحه, الفساد, وزاره, الصحه, وافده, بمركزي, صحي, الافلاج, تخالف",لمملكة العربية السعودية,Health,1,"HE, Minister, Health, His Excellency, Control, Fry, Corruption, Ministry, Health, His Excellency, Central, Healthy, Aflaj, Violation"
18,18,1509241211466432516,"RT @ayeed818: @FahadAlJalajel 
#معالي_وزير_الصحه 
#هيئة_الرقابة_ومكافحة_الفساد 
#وزارة_الصحه٩٣٧ 
 وافده بمركزي صحي الأفلاج تخالف الماده الث…",1,0,Twitter for iPhone,2022-03-30 18:48:39+00:00,2838370999,ayeed818,عايض الودعاني,2014-10-02 19:40:04+00:00,من توكل على الله كفاه  لا تعجبن بدنيا أنت تاركها كم نالها من ملوك ثم قد ذهبوا,المملكة العربية السعودية,1,ok,0,0,0,0,Neutral,معالي وزير الصحه هيئه الرقابه ومكافحه الفساد وزاره الصحه وافده بمركزي صحي الافلاج تخالف الماده الث,"['معالي', 'وزير', 'الصحه', 'هيئه', 'الرقابه', 'ومكافحه', 'الفساد', 'وزاره', 'الصحه', 'وافده', 'بمركزي', 'صحي', 'الافلاج', 'تخالف', 'الماده', 'الث']","معالي, وزير, الصحه, هيئه, الرقابه, ومكافحه, الفساد, وزاره, الصحه, وافده, بمركزي, صحي, الافلاج, تخالف, الماده, الث",لمملكة العربية السعودية,Health,0,"His Excellency, Minister, Health, His Excellency, Control, Corruption, Ministry of Corruption, Health, His Excellency, Central, Healthy, Aflaj, Violation, Article"
16,16,1509285911682502657,@Mobily1100 ممكن احد يفهمني كيف تستقطعون رسوم خدمة رنان من حسابي هي مجاناً لعملاء راقي ، رفعت شكوي و اجبتم تم حل ال… https://t.co/7SwyL51gev,0,0,Twitter for iPhone,2022-03-30 21:46:17+00:00,371501991,alaredh,أ.فايز محمد العارضي,2011-09-11 00:12:48+00:00,,"Al Khobar, Eastern",0,ok,0,0,2,2,Negative,ممكن احد يفهمني كيف تستقطعون رسوم خدمه رنان من حسابي هي مجاناً لعملاء راقي رفعت شكوي اجبتم تم حل ال,"['ممكن', 'احد', 'يفهمني', 'كيف', 'تستقطعون', 'رسوم', 'خدمه', 'رنان', 'من', 'حسابي', 'هي', 'مجانا', 'لعملاء', 'راقي', 'رفعت', 'شكوي', 'اجبتم', 'تم', 'حل', 'ال']","ممكن, احد, يفهمني, كيف, تستقطعون, رسوم, خدمه, رنان, حسابي, مجانا, لعملاء, راقي, رفعت, شكوي, اجبتم, حل",Eastern,Others,-1,"Possible, one, understands me, how, stirring, fee, service, resonance, your account, free, for customers, sophisticated, upgraded, doubt, solution"
0,0,1509462736006266881,#هيئة_الرقابة_ومكافحة_الفساد تباشر عدداً من القضايا الجنائية والإدارية خلال شهر شعبان 1443 هـ https://t.co/aQtkQZrMGv,469,469,Twitter Web App,2022-03-31 09:28:55+00:00,522071052,nazaha_gov_sa,هيئة الرقابة ومكافحة الفساد,2012-03-12 08:24:20+00:00,الحساب الرسمي لهيئة الرقابة ومكافحة الفساد (نزاهة)، ويسعدنا تلقي استفساراتكم عبر حساب @nazaha_care، كما يمكنكم متابعة حسابنا باللغة الانجليزية @nazaha_en,المملكة العربية السعودية,938,ok,1,938,0,0,Positive,هيئه الرقابه ومكافحه الفساد تباشر عدداً من القضايا الجنائيه والاداريه خلال شهر شعبان,"['هيئه', 'الرقابه', 'ومكافحه', 'الفساد', 'تباشر', 'عددا', 'من', 'القضايا', 'الجنائيه', 'والاداريه', 'خلال', 'شهر', 'شعبان']","هيئه, الرقابه, ومكافحه, الفساد, تباشر, عددا, القضايا, الجنائيه, والاداريه, شهر, شعبان",لمملكة العربية السعودية,Corruption,1,"Creates, control, fight, corruption, beginning, number, issues, criminal, administrative, month, Shaaban"
2,2,1509924588779679756,#هيئة_الرقابة_ومكافحة_الفساد تهنئكم بحلول شهر #رمضان المبارك. https://t.co/ou5ltTd6EB,52,67,Twitter Web App,2022-04-01 16:04:09+00:00,522071052,nazaha_gov_sa,هيئة الرقابة ومكافحة الفساد,2012-03-12 08:24:20+00:00,الحساب الرسمي لهيئة الرقابة ومكافحة الفساد (نزاهة)، ويسعدنا تلقي استفساراتكم عبر حساب @nazaha_care، كما يمكنكم متابعة حسابنا باللغة الانجليزية @nazaha_en,المملكة العربية السعودية,119,ok,3,357,1,119,Positive,هيئه الرقابه ومكافحه الفساد تهنئكم بحلول شهر رمضان المبارك,"['هيئه', 'الرقابه', 'ومكافحه', 'الفساد', 'تهنئكم', 'بحلول', 'شهر', 'رمضان', 'المبارك']","هيئه, الرقابه, ومكافحه, الفساد, تهنئكم, بحلول, شهر, رمضان, المبارك",لمملكة العربية السعودية,Corruption,1,"His body, control, fight, corruption, congratulations, by, month, Ramadan, blessed"
1,1,1509924995522306071,معالي رئيس #هيئة_الرقابة_ومكافحة_الفساد يهنئ القيادة الرشيدة بمناسبة حلول شهر #رمضان المبارك. https://t.co/ov1CEPY1y0,113,168,Twitter Web App,2022-04-01 16:05:46+00:00,522071052,nazaha_gov_sa,هيئة الرقابة ومكافحة الفساد,2012-03-12 08:24:20+00:00,الحساب الرسمي لهيئة الرقابة ومكافحة الفساد (نزاهة)، ويسعدنا تلقي استفساراتكم عبر حساب @nazaha_care، كما يمكنكم متابعة حسابنا باللغة الانجليزية @nazaha_en,المملكة العربية السعودية,281,ok,3,843,1,281,Positive,معالي رئيس هيئه الرقابه ومكافحه الفساد يهنئ القياده الرشيده بمناسبه حلول شهر رمضان المبارك,"['معالي', 'رئيس', 'هيئه', 'الرقابه', 'ومكافحه', 'الفساد', 'يهنئ', 'القياده', 'الرشيده', 'بمناسبه', 'حلول', 'شهر', 'رمضان', 'المبارك']","معالي, رئيس, هيئه, الرقابه, ومكافحه, الفساد, يهنئ, القياده, الرشيده, بمناسبه, حلول, شهر, رمضان, المبارك",لمملكة العربية السعودية,Corruption,1,"HE, president, body, control, fight, corruption, congratulations, leadership, rational, on, Solution, month, Ramadan, blessed"
163,99,1510032891933343744,RT @nazaha_gov_sa: #هيئة_الرقابة_ومكافحة_الفساد تباشر عدداً من القضايا الجنائية والإدارية خلال شهر شعبان 1443 هـ https://t.co/aQtkQZrMGv,466,0,Twitter for Android,2022-04-01 23:14:31+00:00,1064980748372008960,armritsa,ARMRITSA,2018-11-20 20:36:11+00:00,,المملكة العربية السعودية,466,ok,1,466,0,0,Positive,هيئه الرقابه ومكافحه الفساد تباشر عدداً من القضايا الجنائيه والاداريه خلال شهر شعبان,"['هيئه', 'الرقابه', 'ومكافحه', 'الفساد', 'تباشر', 'عددا', 'من', 'القضايا', 'الجنائيه', 'والاداريه', 'خلال', 'شهر', 'شعبان']","هيئه, الرقابه, ومكافحه, الفساد, تباشر, عددا, القضايا, الجنائيه, والاداريه, شهر, شعبان",لمملكة العربية السعودية,Corruption,1,"Creates, control, fight, corruption, beginning, number, issues, criminal, administrative, month, Shaaban"
157,93,1510057297485172749,"RT @safety_aba: #صاحب_العمل
نتيجة دعم الدولة للمنشآت تتوسع الاعمال وتتوالد الوظائف داخل منشأتك
إن اختيارك توظيف المواطنين على الوظائف يعتبر…",1,0,Twitter for iPhone,2022-04-02 00:51:29+00:00,417632626,safety_aba,🇸🇦Safety🇸🇦🇦🇪🇸🇦 🇦🇪🇸🇦,2011-11-21 05:49:37+00:00,#الحمدلله_على_تمكينة,Riyadh,1,ok,1,1,1,1,Neutral,صاحب العمل نتيجه دعم الدوله للمنشات تتوسع الاعمال وتتوالد الوظائف داخل منشاتك ان اختيارك توظيف المواطنين علي الوظائف يعتبر,"['صاحب', 'العمل', 'نتيجه', 'دعم', 'الدوله', 'للمنشات', 'تتوسع', 'الاعمال', 'وتتوالد', 'الوظائف', 'داخل', 'منشاتك', 'ان', 'اختيارك', 'توظيف', 'المواطنين', 'علي', 'الوظائف', 'يعتبر']","صاحب, العمل, نتيجه, دعم, الدوله, للمنشات, تتوسع, الاعمال, وتتوالد, الوظائف, داخل, منشاتك, اختيارك, توظيف, المواطنين, الوظائف, يعتبر",Riyadh,Others,0,"Holder, work, support, state, for facilities, expand, business, dynamic, jobs, inside, your facilities, your choice, employment, citizens, jobs,"
155,91,1510079372799193094,RT @nazaha_gov_sa: معالي رئيس #هيئة_الرقابة_ومكافحة_الفساد يهنئ القيادة الرشيدة بمناسبة حلول شهر #رمضان المبارك. https://t.co/ov1CEPY1y0,113,0,Twitter for iPhone,2022-04-02 02:19:13+00:00,794234401483792386,saif_383300,عبدالله السيف,2016-11-03 17:46:52+00:00,,"الزلفي, المملكة العربية السعودية",113,ok,3,339,1,113,Positive,معالي رئيس هيئه الرقابه ومكافحه الفساد يهنئ القياده الرشيده بمناسبه حلول شهر رمضان المبارك,"['معالي', 'رئيس', 'هيئه', 'الرقابه', 'ومكافحه', 'الفساد', 'يهنئ', 'القياده', 'الرشيده', 'بمناسبه', 'حلول', 'شهر', 'رمضان', 'المبارك']","معالي, رئيس, هيئه, الرقابه, ومكافحه, الفساد, يهنئ, القياده, الرشيده, بمناسبه, حلول, شهر, رمضان, المبارك",لمملكة العربية السعودية,Corruption,1,"HE, president, body, control, fight, corruption, congratulations, leadership, rational, on, Solution, month, Ramadan, blessed"
152,88,1510109084992876549,RT @nazaha_gov_sa: معالي رئيس #هيئة_الرقابة_ومكافحة_الفساد يهنئ القيادة الرشيدة بمناسبة حلول شهر #رمضان المبارك. https://t.co/ov1CEPY1y0,113,0,Twitter for Android,2022-04-02 04:17:16+00:00,1294858444097425409,SaudiVisonary,🇸🇦🕊️ـم كو لـ ـو ـكـ ـي🦚🌍,2020-08-16 04:48:17+00:00,اللهم اجعل لي منك #نور واجعلني في #ناي_يـس #مستنير🤍 🕊️It's Me and everyknowledge ends by CAL  #صواع_سواح,🕴️Middle🎱Earth🇸🇦,113,ok,3,339,1,113,Positive,معالي رئيس هيئه الرقابه ومكافحه الفساد يهنئ القياده الرشيده بمناسبه حلول شهر رمضان المبارك,"['معالي', 'رئيس', 'هيئه', 'الرقابه', 'ومكافحه', 'الفساد', 'يهنئ', 'القياده', 'الرشيده', 'بمناسبه', 'حلول', 'شهر', 'رمضان', 'المبارك']","معالي, رئيس, هيئه, الرقابه, ومكافحه, الفساد, يهنئ, القياده, الرشيده, بمناسبه, حلول, شهر, رمضان, المبارك",🇸🇦,Corruption,1,"HE, president, body, control, fight, corruption, congratulations, leadership, rational, on, Solution, month, Ramadan, blessed"
149,85,1510215979032326147,RT @nazaha_gov_sa: معالي رئيس #هيئة_الرقابة_ومكافحة_الفساد يهنئ القيادة الرشيدة بمناسبة حلول شهر #رمضان المبارك. https://t.co/ov1CEPY1y0,113,0,Twitter for Android,2022-04-02 11:22:02+00:00,846640443261628416,msharii_38,أبو بدر_أتحادي_صميم🐆,2017-03-28 08:29:46+00:00,لا تنسونها من دعاءكم ودعواتكم الطيبة والصادقة للوالدة🙏🏿😢 ولا يوريكم مكروه في غالي🙏🏿 وتحياتي للجميع✋🏿🥀,السعودية,113,ok,3,339,1,113,Positive,معالي رئيس هيئه الرقابه ومكافحه الفساد يهنئ القياده الرشيده بمناسبه حلول شهر رمضان المبارك,"['معالي', 'رئيس', 'هيئه', 'الرقابه', 'ومكافحه', 'الفساد', 'يهنئ', 'القياده', 'الرشيده', 'بمناسبه', 'حلول', 'شهر', 'رمضان', 'المبارك']","معالي, رئيس, هيئه, الرقابه, ومكافحه, الفساد, يهنئ, القياده, الرشيده, بمناسبه, حلول, شهر, رمضان, المبارك",السعودية,Corruption,1,"HE, president, body, control, fight, corruption, congratulations, leadership, rational, on, Solution, month, Ramadan, blessed"
147,83,1510240749799055362,RT @BmsKsa: #هيئة_الرقابة_ومكافحة_الفساد تباشر عدداً من القضايا الجنائية والإدارية خلال شهر شعبان 1443 هـ. https://t.co/tlZ74RHyXG,68,0,Twitter for Android,2022-04-02 13:00:28+00:00,1169710712610086912,staywithme50,ريمي🌧💕,2019-09-05 20:35:56+00:00,"‏‏‏‏‏‏‏‏‏‏‏‏‏‏ميلاد حلم ١/١/٢٠٢٠
اثنان فيني يَكسران ولا يُكسران (كرامتي+قلمي) 
‎‎‎‎‎‎‎‎#كاتبة","جدة, المملكة العربية السعودية",68,ok,1,68,0,0,Positive,هيئه الرقابه ومكافحه الفساد تباشر عدداً من القضايا الجنائيه والاداريه خلال شهر شعبان,"['هيئه', 'الرقابه', 'ومكافحه', 'الفساد', 'تباشر', 'عددا', 'من', 'القضايا', 'الجنائيه', 'والاداريه', 'خلال', 'شهر', 'شعبان']","هيئه, الرقابه, ومكافحه, الفساد, تباشر, عددا, القضايا, الجنائيه, والاداريه, شهر, شعبان",لمملكة العربية السعودية,Corruption,1,"Creates, control, fight, corruption, beginning, number, issues, criminal, administrative, month, Shaaban"
143,79,1510258248632475650,RT @nazaha_gov_sa: معالي رئيس #هيئة_الرقابة_ومكافحة_الفساد يهنئ القيادة الرشيدة بمناسبة حلول شهر #رمضان المبارك. https://t.co/ov1CEPY1y0,113,0,Twitter for iPhone,2022-04-02 14:10:00+00:00,3228515796,Alsami82,Ali-hakami🇸🇦⚖️,2015-05-28 02:27:37+00:00,في زاوية صغيرة، بين الرغبة وعدم الاهتمام أنشأت لنفسي حياة لا بأس بها…,فوق هام السحب,113,ok,3,339,1,113,Positive,معالي رئيس هيئه الرقابه ومكافحه الفساد يهنئ القياده الرشيده بمناسبه حلول شهر رمضان المبارك,"['معالي', 'رئيس', 'هيئه', 'الرقابه', 'ومكافحه', 'الفساد', 'يهنئ', 'القياده', 'الرشيده', 'بمناسبه', 'حلول', 'شهر', 'رمضان', 'المبارك']","معالي, رئيس, هيئه, الرقابه, ومكافحه, الفساد, يهنئ, القياده, الرشيده, بمناسبه, حلول, شهر, رمضان, المبارك",فوق هام السحب,Corruption,1,"HE, president, body, control, fight, corruption, congratulations, leadership, rational, on, Solution, month, Ramadan, blessed"
142,78,1510258265988415495,RT @nazaha_gov_sa: #هيئة_الرقابة_ومكافحة_الفساد تهنئكم بحلول شهر #رمضان المبارك. https://t.co/ou5ltTd6EB,52,0,Twitter for iPhone,2022-04-02 14:10:04+00:00,3228515796,Alsami82,Ali-hakami🇸🇦⚖️,2015-05-28 02:27:37+00:00,في زاوية صغيرة، بين الرغبة وعدم الاهتمام أنشأت لنفسي حياة لا بأس بها…,فوق هام السحب,52,ok,3,156,1,52,Positive,هيئه الرقابه ومكافحه الفساد تهنئكم بحلول شهر رمضان المبارك,"['هيئه', 'الرقابه', 'ومكافحه', 'الفساد', 'تهنئكم', 'بحلول', 'شهر', 'رمضان', 'المبارك']","هيئه, الرقابه, ومكافحه, الفساد, تهنئكم, بحلول, شهر, رمضان, المبارك",فوق هام السحب,Corruption,1,"His body, control, fight, corruption, congratulations, by, month, Ramadan, blessed"
140,76,1510268557418020865,RT @nazaha_gov_sa: #هيئة_الرقابة_ومكافحة_الفساد تهنئكم بحلول شهر #رمضان المبارك. https://t.co/ou5ltTd6EB,52,0,Twitter for iPhone,2022-04-02 14:50:58+00:00,403722510,Fahad_Mutairi2,فـ هـــد,2011-11-02 22:23:25+00:00,إللهم آجعلني ممن لا يفعل إلا خير ولا يقول إلا خير ولآ يُذكر إلا بالخير 💎💙..',KSA,52,ok,3,156,1,52,Positive,هيئه الرقابه ومكافحه الفساد تهنئكم بحلول شهر رمضان المبارك,"['هيئه', 'الرقابه', 'ومكافحه', 'الفساد', 'تهنئكم', 'بحلول', 'شهر', 'رمضان', 'المبارك']","هيئه, الرقابه, ومكافحه, الفساد, تهنئكم, بحلول, شهر, رمضان, المبارك",ksa,Corruption,1,"His body, control, fight, corruption, congratulations, by, month, Ramadan, blessed"
139,75,1510270075542114315,"RT @SPAregions: رئيس #هيئة_الرقابة_ومكافحة_الفساد يرفع التهنئة للقيادة بمناسبة حلول شهر #رمضان المبارك.
https://t.co/K2f9pK994Y
#واس_عام ht…",45,0,Twitter for Android,2022-04-02 14:57:00+00:00,1260688476900601857,s3DTkFLwLQYNy6J,السامي Alsami,2020-05-13 21:49:08+00:00,"مهتم بالسوق السعودي
والاستثمار.واعشق الأدب العربي.
الحمد لله حمدا كثيرا طيبا مباركا فيه.",المملكة العربية السعودية,45,ok,3,135,1,45,Positive,رئيس هيئه الرقابه ومكافحه الفساد يرفع التهنئه للقياده بمناسبه حلول شهر رمضان المبارك واس عام,"['رئيس', 'هيئه', 'الرقابه', 'ومكافحه', 'الفساد', 'يرفع', 'التهنئه', 'للقياده', 'بمناسبه', 'حلول', 'شهر', 'رمضان', 'المبارك', 'واس', 'عام']","رئيس, هيئه, الرقابه, ومكافحه, الفساد, يرفع, التهنئه, للقياده, بمناسبه, حلول, شهر, رمضان, المبارك, واس, عام",لمملكة العربية السعودية,Corruption,1,"Head, body, control, combing, corruption, raising, congratulations, leadership, on, solutions, month, Ramadan, blessed, sapa"
137,73,1510295624960331776,RT @nazaha_gov_sa: معالي رئيس #هيئة_الرقابة_ومكافحة_الفساد يهنئ القيادة الرشيدة بمناسبة حلول شهر #رمضان المبارك. https://t.co/ov1CEPY1y0,113,0,Twitter for iPhone,2022-04-02 16:38:31+00:00,2909185400,AssirGroop,الاعلامي سعيد الشهراني,2014-11-24 14:50:56+00:00,مجموعة أسير للدعاية والاعلان الرقمية في قنوات التواصل الاجتماعي,مكة المكرمة,113,ok,3,339,1,113,Positive,معالي رئيس هيئه الرقابه ومكافحه الفساد يهنئ القياده الرشيده بمناسبه حلول شهر رمضان المبارك,"['معالي', 'رئيس', 'هيئه', 'الرقابه', 'ومكافحه', 'الفساد', 'يهنئ', 'القياده', 'الرشيده', 'بمناسبه', 'حلول', 'شهر', 'رمضان', 'المبارك']","معالي, رئيس, هيئه, الرقابه, ومكافحه, الفساد, يهنئ, القياده, الرشيده, بمناسبه, حلول, شهر, رمضان, المبارك",مكة,Corruption,1,"HE, president, body, control, fight, corruption, congratulations, leadership, rational, on, Solution, month, Ramadan, blessed"
135,71,1510332057704177670,"RT @sdooq_s: #هيئة_الرقابة_ومكافحة_الفساد
هالنوعيه حذرين
واتوقع باقي ماخلصوا ركزوا عليهم
بعضهم مصادقين حقين المندي والمطابخ
ومحلات الملابس…",82,0,Twitter for iPhone,2022-04-02 19:03:17+00:00,1480342596056715267,therarelady_,ٰ,2022-01-10 00:56:29+00:00,ناشطه في حقوق المرأه والطفل #MBS وطنجيه بدرجة امتياز/محامية في المستقبل ⚖️👩🏻‍⚖️احتياطي @amzaki_,"Hafr Al Batin, Kingdom of Saudi Arabia",82,ok,0,0,2,164,Negative,هيئه الرقابه ومكافحه الفساد هالنوعيه حذرين واتوقع باقي ماخلصوا ركزوا عليهم بعضهم مصادقين حقين المندي والمطابخ ومحلات الملابس,"['هيئه', 'الرقابه', 'ومكافحه', 'الفساد', 'هالنوعيه', 'حذرين', 'واتوقع', 'باقي', 'ماخلصوا', 'ركزوا', 'عليهم', 'بعضهم', 'مصادقين', 'حقين', 'المندي', 'والمطابخ', 'ومحلات', 'الملابس']","هيئه, الرقابه, ومكافحه, الفساد, هالنوعيه, حذرين, واتوقع, باقي, ماخلصوا, ركزوا, بعضهم, مصادقين, حقين, المندي, والمطابخ, ومحلات, الملابس",Hafr Al Batin,Corruption,-1,"His struggle, anti-corruption, corruption, hood, careful, expect, rest, walk, focus, some of them, guidencies, elements, kitchens, shops, clothes"
134,70,1510333198508646412,RT @nazaha_gov_sa: معالي رئيس #هيئة_الرقابة_ومكافحة_الفساد يهنئ القيادة الرشيدة بمناسبة حلول شهر #رمضان المبارك. https://t.co/ov1CEPY1y0,113,0,Twitter for Android,2022-04-02 19:07:49+00:00,2438663522,saeedmohamedsal,Saeed Mohamed Salman,2014-04-11 15:12:36+00:00,"مصرى محب لوطنه ومسلم محب لدينه وعائل
محب لعائلته",المملكة العربية السعودية,113,ok,3,339,1,113,Positive,معالي رئيس هيئه الرقابه ومكافحه الفساد يهنئ القياده الرشيده بمناسبه حلول شهر رمضان المبارك,"['معالي', 'رئيس', 'هيئه', 'الرقابه', 'ومكافحه', 'الفساد', 'يهنئ', 'القياده', 'الرشيده', 'بمناسبه', 'حلول', 'شهر', 'رمضان', 'المبارك']","معالي, رئيس, هيئه, الرقابه, ومكافحه, الفساد, يهنئ, القياده, الرشيده, بمناسبه, حلول, شهر, رمضان, المبارك",لمملكة العربية السعودية,Corruption,1,"HE, president, body, control, fight, corruption, congratulations, leadership, rational, on, Solution, month, Ramadan, blessed"
132,68,1510349052122210312,RT @nazaha_gov_sa: معالي رئيس #هيئة_الرقابة_ومكافحة_الفساد يهنئ القيادة الرشيدة بمناسبة حلول شهر #رمضان المبارك. https://t.co/ov1CEPY1y0,113,0,Twitter for Android,2022-04-02 20:10:49+00:00,746976644510945280,habajawi,هاني,2016-06-26 08:01:25+00:00,"ماجستير القانون العام ،( على قدر الهدف يكون الانطلاق ) .
الكلام مرآة العقل .", السعودية - جازان - الرياض ,113,ok,3,339,1,113,Positive,معالي رئيس هيئه الرقابه ومكافحه الفساد يهنئ القياده الرشيده بمناسبه حلول شهر رمضان المبارك,"['معالي', 'رئيس', 'هيئه', 'الرقابه', 'ومكافحه', 'الفساد', 'يهنئ', 'القياده', 'الرشيده', 'بمناسبه', 'حلول', 'شهر', 'رمضان', 'المبارك']","معالي, رئيس, هيئه, الرقابه, ومكافحه, الفساد, يهنئ, القياده, الرشيده, بمناسبه, حلول, شهر, رمضان, المبارك",السعودية,Corruption,1,"HE, president, body, control, fight, corruption, congratulations, leadership, rational, on, Solution, month, Ramadan, blessed"
131,67,1510352742820294657,"RT @SPAregions: رئيس #هيئة_الرقابة_ومكافحة_الفساد يرفع التهنئة للقيادة بمناسبة حلول شهر #رمضان المبارك.
https://t.co/K2f9pK994Y
#واس_عام ht…",45,0,Twitter for iPhone,2022-04-02 20:25:29+00:00,807598006748975105,musa_surur,الشيخ الشاعر موسى بن سرور,2016-12-10 14:49:04+00:00,مدير عام منتدى الموقع الوطني للاشعار الملكيه الوطنيه,"القصيم, المملكة العربية السعودية",45,ok,3,135,1,45,Positive,رئيس هيئه الرقابه ومكافحه الفساد يرفع التهنئه للقياده بمناسبه حلول شهر رمضان المبارك واس عام,"['رئيس', 'هيئه', 'الرقابه', 'ومكافحه', 'الفساد', 'يرفع', 'التهنئه', 'للقياده', 'بمناسبه', 'حلول', 'شهر', 'رمضان', 'المبارك', 'واس', 'عام']","رئيس, هيئه, الرقابه, ومكافحه, الفساد, يرفع, التهنئه, للقياده, بمناسبه, حلول, شهر, رمضان, المبارك, واس, عام",لمملكة العربية السعودية,Corruption,1,"Head, body, control, combing, corruption, raising, congratulations, leadership, on, solutions, month, Ramadan, blessed, sapa"
130,66,1510372264444940297,"RT @SPAregions: رئيس #هيئة_الرقابة_ومكافحة_الفساد يرفع التهنئة للقيادة بمناسبة حلول شهر #رمضان المبارك.
https://t.co/K2f9pK994Y
#واس_عام ht…",45,0,Twitter for iPhone,2022-04-02 21:43:03+00:00,3322804560,helloemiliaa,اميلي,2015-08-21 22:34:39+00:00,إذا اخترت الحياة على الهامش فـ أعلم إنك ستموت بدون عنوان !! .,المملكة العربية السعودية . جده,45,ok,3,135,1,45,Positive,رئيس هيئه الرقابه ومكافحه الفساد يرفع التهنئه للقياده بمناسبه حلول شهر رمضان المبارك واس عام,"['رئيس', 'هيئه', 'الرقابه', 'ومكافحه', 'الفساد', 'يرفع', 'التهنئه', 'للقياده', 'بمناسبه', 'حلول', 'شهر', 'رمضان', 'المبارك', 'واس', 'عام']","رئيس, هيئه, الرقابه, ومكافحه, الفساد, يرفع, التهنئه, للقياده, بمناسبه, حلول, شهر, رمضان, المبارك, واس, عام",لمملكة العربية السعودية,Corruption,1,"Head, body, control, combing, corruption, raising, congratulations, leadership, on, solutions, month, Ramadan, blessed, sapa"
127,63,1510394309023080456,"#هيئة_الرقابة_ومكافحة_الفساد
شوفوا شغلكم لاهنتوا 
الموقع : مركز تبالة بمحافظة بيشة https://t.co/BfmB1nzJGZ",2,1,Twitter for iPhone,2022-04-02 23:10:39+00:00,3252101652,alibinnajdi,بن نجدي,2015-06-21 23:51:25+00:00,‏يقيني بالله يقيني,السعودية _ الجبيل ,3,ok,0,0,0,0,Neutral,هيئه الرقابه ومكافحه الفساد شوفوا شغلكم لاهنتوا الموقع مركز تباله بمحافظه بيشه,"['هيئه', 'الرقابه', 'ومكافحه', 'الفساد', 'شوفوا', 'شغلكم', 'لاهنتوا', 'الموقع', 'مركز', 'تباله', 'بمحافظه', 'بيشه']","هيئه, الرقابه, ومكافحه, الفساد, شوفوا, شغلكم, لاهنتوا, الموقع, مركز, تباله, بمحافظه, بيشه",الجبيل,Corruption,0,"His body, control, fight, corruption, show, your work, Lahntawa, Location, Location, Center,"
126,62,1510397933497339911,RT @nazaha_gov_sa: معالي رئيس #هيئة_الرقابة_ومكافحة_الفساد يهنئ القيادة الرشيدة بمناسبة حلول شهر #رمضان المبارك. https://t.co/ov1CEPY1y0,113,0,Twitter for iPhone,2022-04-02 23:25:03+00:00,568252809,Khalidalnasser4,Khalid  aziz,2012-05-01 12:43:44+00:00,,السعودية,113,ok,3,339,1,113,Positive,معالي رئيس هيئه الرقابه ومكافحه الفساد يهنئ القياده الرشيده بمناسبه حلول شهر رمضان المبارك,"['معالي', 'رئيس', 'هيئه', 'الرقابه', 'ومكافحه', 'الفساد', 'يهنئ', 'القياده', 'الرشيده', 'بمناسبه', 'حلول', 'شهر', 'رمضان', 'المبارك']","معالي, رئيس, هيئه, الرقابه, ومكافحه, الفساد, يهنئ, القياده, الرشيده, بمناسبه, حلول, شهر, رمضان, المبارك",السعودية,Corruption,1,"HE, president, body, control, fight, corruption, congratulations, leadership, rational, on, Solution, month, Ramadan, blessed"
122,58,1510425099198992384,"RT @alibinnajdi: #هيئة_الرقابة_ومكافحة_الفساد
شوفوا شغلكم لاهنتوا 
الموقع : مركز تبالة بمحافظة بيشة https://t.co/BfmB1nzJGZ",2,0,Twitter for iPhone,2022-04-03 01:13:00+00:00,3994777186,ffhh4849,"alshamrani,ًابوخالد (D.S.J)",2015-10-19 13:23:01+00:00,احب الحق واكره الباطل,المملكة العربية السعودية,2,ok,0,0,0,0,Neutral,هيئه الرقابه ومكافحه الفساد شوفوا شغلكم لاهنتوا الموقع مركز تباله بمحافظه بيشه,"['هيئه', 'الرقابه', 'ومكافحه', 'الفساد', 'شوفوا', 'شغلكم', 'لاهنتوا', 'الموقع', 'مركز', 'تباله', 'بمحافظه', 'بيشه']","هيئه, الرقابه, ومكافحه, الفساد, شوفوا, شغلكم, لاهنتوا, الموقع, مركز, تباله, بمحافظه, بيشه",لمملكة العربية السعودية,Corruption,0,"His body, control, fight, corruption, show, your work, Lahntawa, Location, Location, Center,"
120,56,1510475194942562308,RT @nazaha_gov_sa: معالي رئيس #هيئة_الرقابة_ومكافحة_الفساد يهنئ القيادة الرشيدة بمناسبة حلول شهر #رمضان المبارك. https://t.co/ov1CEPY1y0,113,0,Integromat,2022-04-03 04:32:04+00:00,1453429311579598850,KSAbusinesseye,عين التاجر,2021-10-27 18:32:48+00:00,‏نتابع عنك ٢٣١ حساب لوزارات وهيئات حكومية ونرتوتها لك في حساب واحد ..   الخبر لحظة بلحظة والقادم اكثر,saudi Arabia,113,ok,3,339,1,113,Positive,معالي رئيس هيئه الرقابه ومكافحه الفساد يهنئ القياده الرشيده بمناسبه حلول شهر رمضان المبارك,"['معالي', 'رئيس', 'هيئه', 'الرقابه', 'ومكافحه', 'الفساد', 'يهنئ', 'القياده', 'الرشيده', 'بمناسبه', 'حلول', 'شهر', 'رمضان', 'المبارك']","معالي, رئيس, هيئه, الرقابه, ومكافحه, الفساد, يهنئ, القياده, الرشيده, بمناسبه, حلول, شهر, رمضان, المبارك",Saudi Arabi,Corruption,1,"HE, president, body, control, fight, corruption, congratulations, leadership, rational, on, Solution, month, Ramadan, blessed"
121,57,1510475193722023936,RT @nazaha_gov_sa: #هيئة_الرقابة_ومكافحة_الفساد تهنئكم بحلول شهر #رمضان المبارك. https://t.co/ou5ltTd6EB,52,0,Integromat,2022-04-03 04:32:04+00:00,1453429311579598850,KSAbusinesseye,عين التاجر,2021-10-27 18:32:48+00:00,‏نتابع عنك ٢٣١ حساب لوزارات وهيئات حكومية ونرتوتها لك في حساب واحد ..   الخبر لحظة بلحظة والقادم اكثر,saudi Arabia,52,ok,3,156,1,52,Positive,هيئه الرقابه ومكافحه الفساد تهنئكم بحلول شهر رمضان المبارك,"['هيئه', 'الرقابه', 'ومكافحه', 'الفساد', 'تهنئكم', 'بحلول', 'شهر', 'رمضان', 'المبارك']","هيئه, الرقابه, ومكافحه, الفساد, تهنئكم, بحلول, شهر, رمضان, المبارك",Saudi Arabi,Corruption,1,"His body, control, fight, corruption, congratulations, by, month, Ramadan, blessed"
119,55,1510493859574386688,RT @nazaha_gov_sa: #هيئة_الرقابة_ومكافحة_الفساد تباشر عدداً من القضايا الجنائية والإدارية خلال شهر شعبان 1443 هـ https://t.co/aQtkQZrMGv,466,0,Twitter for iPhone,2022-04-03 05:46:14+00:00,709668516773945344,DrBandarAljaid,د.بندر الجعيد|Bandar,2016-03-15 09:12:14+00:00,أكاديمي @kauweb وإعلامي | مهتم في الشأن الاقتصادي (حساب شخصي),Jeddah,466,ok,1,466,0,0,Positive,هيئه الرقابه ومكافحه الفساد تباشر عدداً من القضايا الجنائيه والاداريه خلال شهر شعبان,"['هيئه', 'الرقابه', 'ومكافحه', 'الفساد', 'تباشر', 'عددا', 'من', 'القضايا', 'الجنائيه', 'والاداريه', 'خلال', 'شهر', 'شعبان']","هيئه, الرقابه, ومكافحه, الفساد, تباشر, عددا, القضايا, الجنائيه, والاداريه, شهر, شعبان",jeddah,Corruption,1,"Creates, control, fight, corruption, beginning, number, issues, criminal, administrative, month, Shaaban"
117,53,1510580952669601802,RT @Ruh_Rd: #هيئة_الرقابة_ومكافحة_الفساد تباشر عدداً من القضايا الجنائية والإدارية خلال شهر شعبان https://t.co/6cSLXP6geF,5,0,Twitter for iPhone,2022-04-03 11:32:19+00:00,1480956559966588929,kholuod1122,خلودkholuod1122مقيده منشن,2022-01-11 17:35:50+00:00,اللهم أرني عجائب قدرتك في تيسير أموري,"الرياض, المملكة العربية السعود",5,ok,0,0,0,0,Neutral,هيئه الرقابه ومكافحه الفساد تباشر عدداً من القضايا الجنائيه والاداريه خلال شهر شعبان,"['هيئه', 'الرقابه', 'ومكافحه', 'الفساد', 'تباشر', 'عددا', 'من', 'القضايا', 'الجنائيه', 'والاداريه', 'خلال', 'شهر', 'شعبان']","هيئه, الرقابه, ومكافحه, الفساد, تباشر, عددا, القضايا, الجنائيه, والاداريه, شهر, شعبان",المملكة العربية,Corruption,0,"Creates, control, fight, corruption, beginning, number, issues, criminal, administrative, month, Shaaban"
114,50,1510617652846383106,"نصاب محتال
#هيئة_الرقابة_ومكافحة_الفساد https://t.co/Fby7UYsD7H",0,0,Twitter for Android,2022-04-03 13:58:09+00:00,1492840580631740416,abw7tlal,ابو طلال,2022-02-13 12:38:37+00:00,,المملكة العربية السعودية,0,ok,0,0,0,0,Neutral,نصاب محتال هيئه الرقابه ومكافحه الفساد,"['نصاب', 'محتال', 'هيئه', 'الرقابه', 'ومكافحه', 'الفساد']","نصاب, محتال, هيئه, الرقابه, ومكافحه, الفساد",لمملكة العربية السعودية,Corruption,0,"Month, fraud, struggle, control, fight, corruption"
113,49,1510703642210353155,"نصاب محتال،
#هيئة_الرقابة_ومكافحة_الفساد https://t.co/NFk5XpQkQh",0,0,Twitter for Android,2022-04-03 19:39:50+00:00,1492840580631740416,abw7tlal,ابو طلال,2022-02-13 12:38:37+00:00,,المملكة العربية السعودية,0,ok,0,0,0,0,Neutral,نصاب محتال هيئه الرقابه ومكافحه الفساد,"['نصاب', 'محتال', 'هيئه', 'الرقابه', 'ومكافحه', 'الفساد']","نصاب, محتال, هيئه, الرقابه, ومكافحه, الفساد",لمملكة العربية السعودية,Corruption,0,"Month, fraud, struggle, control, fight, corruption"
93,28,1510926680419971074,"@aborayan1423 @aborayan1424 @FahadAlJalajel 
#معالي_وزير_الصحه 
#هيئة_الرقابة_ومكافحة_الفساد 
#وزارة_الصحه٩٣٧ 
عندن… https://t.co/0B8RCFDwTh",1,2,Twitter for iPhone,2022-04-04 10:26:06+00:00,2838370999,ayeed818,عايض الودعاني,2014-10-02 19:40:04+00:00,من توكل على الله كفاه  لا تعجبن بدنيا أنت تاركها كم نالها من ملوك ثم قد ذهبوا,المملكة العربية السعودية,3,ok,1,3,0,0,Positive,معالي وزير الصحه هيئه الرقابه ومكافحه الفساد وزاره الصحه عندن,"['معالي', 'وزير', 'الصحه', 'هيئه', 'الرقابه', 'ومكافحه', 'الفساد', 'وزاره', 'الصحه', 'عندن']","معالي, وزير, الصحه, هيئه, الرقابه, ومكافحه, الفساد, وزاره, الصحه, عندن",لمملكة العربية السعودية,Health,1,"HE, Minister, Health, His Excellency, Control, Fighter, Corruption, Ministry, Health, Aden"
3,3,1510926814553776131,"RT @ayeed818: @aborayan1423 @aborayan1424 @FahadAlJalajel 
#معالي_وزير_الصحه 
#هيئة_الرقابة_ومكافحة_الفساد 
#وزارة_الصحه٩٣٧ 
عندنا وافده بم…",1,0,Twitter for iPhone,2022-04-04 10:26:38+00:00,2838370999,ayeed818,عايض الودعاني,2014-10-02 19:40:04+00:00,من توكل على الله كفاه  لا تعجبن بدنيا أنت تاركها كم نالها من ملوك ثم قد ذهبوا,المملكة العربية السعودية,1,ok,1,1,0,0,Positive,معالي وزير الصحه هيئه الرقابه ومكافحه الفساد وزاره الصحه عندنا وافده بم,"['معالي', 'وزير', 'الصحه', 'هيئه', 'الرقابه', 'ومكافحه', 'الفساد', 'وزاره', 'الصحه', 'عندنا', 'وافده', 'بم']","معالي, وزير, الصحه, هيئه, الرقابه, ومكافحه, الفساد, وزاره, الصحه, وافده, بم",لمملكة العربية السعودية,Health,1,"His Excellency, Minister, Health, His Excellency, Control, Fighter, Corruption, Ministry, Health, His Excellency,"
89,24,1511073961446187010,RT @smq_200: @SaudiNews50 هل يتحقق وعد سمو #ولي_العهد #محمد_بن_سلمان ونرى تطبيق هذا الوعد وملاحقة المختلسين والفاسدين الذين نهبوا مليارات م…,17,0,Twitter for Android,2022-04-04 20:11:21+00:00,2519577417,ab07fahad,دام عزك ياوطن ❤🇸🇦,2014-04-30 18:55:01+00:00,✒_رفيق درب و إسمي/ ابراهيم البديّع #الـدرعـيـــــه #ولي_العهد_الأمير_محمد_بن_سلمان,💜 🌐 💚 KSA_ALRYADH ,17,ok,0,0,1,17,Negative,هل يتحقق وعد سمو ولي العهد محمد بن سلمان ونري تطبيق هذا الوعد وملاحقه المختلسين والفاسدين الذين نهبوا مليارات,"['هل', 'يتحقق', 'وعد', 'سمو', 'ولي', 'العهد', 'محمد', 'بن', 'سلمان', 'ونري', 'تطبيق', 'هذا', 'الوعد', 'وملاحقه', 'المختلسين', 'والفاسدين', 'الذين', 'نهبوا', 'مليارات']","يتحقق, وعد, سمو, ولي, العهد, محمد, سلمان, ونري, تطبيق, الوعد, وملاحقه, المختلسين, والفاسدين, الذين, نهبوا, مليارات",💜 🌐 💚 KSA_ALRYADH,Others,-1,"Check out, promise, HH, Crown, Covenant, Mohammed, Salman, Nari, apply, promise, and prosecution, and corrupt, who looted, billions"
88,23,1511075389459865607,RT @smq_200: @SaudiNews50 هل يتحقق وعد سمو #ولي_العهد #محمد_بن_سلمان ونرى تطبيق هذا الوعد وملاحقة المختلسين والفاسدين الذين نهبوا مليارات م…,17,0,Twitter for Android,2022-04-04 20:17:01+00:00,1411612853338099713,Vip07shoog,صباح ومساء | الخير,2021-07-04 09:08:50+00:00,يقال: كل شيء يولد مع إشراقة الصباح🌻أخيكم أبراهيم البديّع,السعودية - الرياض 🇸🇦♥️🇸🇦,17,ok,0,0,1,17,Negative,هل يتحقق وعد سمو ولي العهد محمد بن سلمان ونري تطبيق هذا الوعد وملاحقه المختلسين والفاسدين الذين نهبوا مليارات,"['هل', 'يتحقق', 'وعد', 'سمو', 'ولي', 'العهد', 'محمد', 'بن', 'سلمان', 'ونري', 'تطبيق', 'هذا', 'الوعد', 'وملاحقه', 'المختلسين', 'والفاسدين', 'الذين', 'نهبوا', 'مليارات']","يتحقق, وعد, سمو, ولي, العهد, محمد, سلمان, ونري, تطبيق, الوعد, وملاحقه, المختلسين, والفاسدين, الذين, نهبوا, مليارات",السعودية - الرياض 🇸🇦♥️🇸🇦,Others,-1,"Check out, promise, HH, Crown, Covenant, Mohammed, Salman, Nari, apply, promise, and prosecution, and corrupt, who looted, billions"
87,22,1511115000781410304,"RT @byra_3: الله يعزك سيدي قلت وفعلت ياعظيم الأفعال .
#وطن_بلا_فساد #هيئة_الرقابة_ومكافحة_الفساد https://t.co/odyCcGX9A2",11,0,Twitter for Android,2022-04-04 22:54:26+00:00,1462090461317943299,byra_3,عبير العطاوي العتيبي 🇸🇦,2021-11-20 16:09:13+00:00,بكالوريوس/اخت لشعراء مشهورين اعلاميا /الحساب الثالث جديد .,المملكة العربية السعودية,11,ok,2,22,1,11,Positive,الله يعزك سيدي قلت وفعلت ياعظيم الافعال وطن بلا فساد هيئه الرقابه ومكافحه الفساد,"['الله', 'يعزك', 'سيدي', 'قلت', 'وفعلت', 'ياعظيم', 'الافعال', 'وطن', 'بلا', 'فساد', 'هيئه', 'الرقابه', 'ومكافحه', 'الفساد']","يعزك, سيدي, قلت, وفعلت, ياعظيم, الافعال, وطن, بلا, فساد, هيئه, الرقابه, ومكافحه, الفساد",لمملكة العربية السعودية,Corruption,1,"Cheers, sir, I said, I did, organize, acts, homeland, no, corruption, body, control, fight, corruption"
86,21,1511125784081145867,RT @nazaha_gov_sa: معالي رئيس #هيئة_الرقابة_ومكافحة_الفساد يهنئ القيادة الرشيدة بمناسبة حلول شهر #رمضان المبارك. https://t.co/ov1CEPY1y0,113,0,Twitter for iPhone,2022-04-04 23:37:16+00:00,368463425,alqasheesh,د. محمد القشيش,2011-09-05 17:43:49+00:00,(حساب شخصي) وكيل عمادة شؤون الطلاب للأنشطة الطلابية #جامعة_جازان ورئيس الجمعية السعودية للعلاج الطبيعي بجازان شغوف بــ #العمل_التطوعي,"Jazan, Kingdom of Saudi Arabia",113,ok,3,339,1,113,Positive,معالي رئيس هيئه الرقابه ومكافحه الفساد يهنئ القياده الرشيده بمناسبه حلول شهر رمضان المبارك,"['معالي', 'رئيس', 'هيئه', 'الرقابه', 'ومكافحه', 'الفساد', 'يهنئ', 'القياده', 'الرشيده', 'بمناسبه', 'حلول', 'شهر', 'رمضان', 'المبارك']","معالي, رئيس, هيئه, الرقابه, ومكافحه, الفساد, يهنئ, القياده, الرشيده, بمناسبه, حلول, شهر, رمضان, المبارك",Jazan,Corruption,1,"HE, president, body, control, fight, corruption, congratulations, leadership, rational, on, Solution, month, Ramadan, blessed"
66,1,1511328596828336140,#هيئة_الرقابة_ومكافحة_الفساد تنظم بالتعاون مع شركائها من الجهات الحكومية والمؤسسات التعليمية خلال شهر شعبان 1443 هـ… https://t.co/izJZ4aCgZP,64,93,Twitter Web App,2022-04-05 13:03:11+00:00,522071052,nazaha_gov_sa,هيئة الرقابة ومكافحة الفساد,2012-03-12 08:24:20+00:00,الحساب الرسمي لهيئة الرقابة ومكافحة الفساد (نزاهة)، ويسعدنا تلقي استفساراتكم عبر حساب @nazaha_care، كما يمكنكم متابعة حسابنا باللغة الانجليزية @nazaha_en,المملكة العربية السعودية,157,ok,1,157,0,0,Positive,هيئه الرقابه ومكافحه الفساد تنظم بالتعاون مع شركائها من الجهات الحكوميه والموسسات التعليميه خلال شهر شعبان,"['هيئه', 'الرقابه', 'ومكافحه', 'الفساد', 'تنظم', 'بالتعاون', 'مع', 'شركائها', 'من', 'الجهات', 'الحكوميه', 'والموسسات', 'التعليميه', 'خلال', 'شهر', 'شعبان']","هيئه, الرقابه, ومكافحه, الفساد, تنظم, بالتعاون, شركائها, الجهات, الحكوميه, والموسسات, التعليميه, شهر, شعبان",لمملكة العربية السعودية,Education,1,"His body, control, fight, corruption, organized, in cooperation, partners, agencies, government, institutions, education, month, Shaaban"
65,0,1511426667172016137,انتخاب المملكة ممثلة في #هيئة_الرقابة_ومكافحة_الفساد عضواً بمجلس الأمناء للأكاديمية الدولية لمكافحة الفساد (IACA). https://t.co/WYvv55cebS,164,219,Twitter Web App,2022-04-05 19:32:53+00:00,522071052,nazaha_gov_sa,هيئة الرقابة ومكافحة الفساد,2012-03-12 08:24:20+00:00,الحساب الرسمي لهيئة الرقابة ومكافحة الفساد (نزاهة)، ويسعدنا تلقي استفساراتكم عبر حساب @nazaha_care، كما يمكنكم متابعة حسابنا باللغة الانجليزية @nazaha_en,المملكة العربية السعودية,383,ok,0,0,0,0,Neutral,انتخاب المملكه ممثله في هيئه الرقابه ومكافحه الفساد عضواً بمجلس الامناء للاكاديميه الدوليه لمكافحه الفساد,"['انتخاب', 'المملكه', 'ممثله', 'في', 'هيئه', 'الرقابه', 'ومكافحه', 'الفساد', 'عضوا', 'بمجلس', 'الامناء', 'للاكاديميه', 'الدوليه', 'لمكافحه', 'الفساد']","انتخاب, المملكه, ممثله, هيئه, الرقابه, ومكافحه, الفساد, عضوا, بمجلس, الامناء, للاكاديميه, الدوليه, لمكافحه, الفساد",لمملكة العربية السعودية,Corruption,0,"Election, kingdom, representative, body, control, combing, corruption, member, council, secretaries, for amademia, international, to fight, corruption"
67,2,1511432398550056963,يمثل المملكة في مجلس أمناء الأكاديمية سعادة الدكتور شاكر بن أحمد الصالح، مدير عام الإدارة العامة لتعزيز النزاهة بـ… https://t.co/3qwOXKqnsI,21,40,Twitter Web App,2022-04-05 19:55:39+00:00,522071052,nazaha_gov_sa,هيئة الرقابة ومكافحة الفساد,2012-03-12 08:24:20+00:00,الحساب الرسمي لهيئة الرقابة ومكافحة الفساد (نزاهة)، ويسعدنا تلقي استفساراتكم عبر حساب @nazaha_care، كما يمكنكم متابعة حسابنا باللغة الانجليزية @nazaha_en,المملكة العربية السعودية,61,ok,2,122,0,0,Positive,يمثل المملكه في مجلس امناء الاكاديميه سعاده الدكتور شاكر بن احمد الصالح مدير عام الاداره العامه لتعزيز النزاهه,"['يمثل', 'المملكه', 'في', 'مجلس', 'امناء', 'الاكاديميه', 'سعاده', 'الدكتور', 'شاكر', 'بن', 'احمد', 'الصالح', 'مدير', 'عام', 'الاداره', 'العامه', 'لتعزيز', 'النزاهه']","يمثل, المملكه, مجلس, امناء, الاكاديميه, سعاده, الدكتور, شاكر, احمد, الصالح, مدير, عام, الاداره, العامه, لتعزيز, النزاهه",لمملكة العربية السعودية,Others,1,"Represents, kingdom, council, secretaries, academy, happiness, Dr. Shaker, Ahmed, good, manager, general, management, general, to promote, integrity"
79,14,1511637530432655365,RT @nazaha_gov_sa: انتخاب المملكة ممثلة في #هيئة_الرقابة_ومكافحة_الفساد عضواً بمجلس الأمناء للأكاديمية الدولية لمكافحة الفساد (IACA). https…,164,0,Twitter for Android,2022-04-06 09:30:46+00:00,487817397,AAljaiedlaw,Dr. Assel Aljaied | د. أصيل الجعيد ⚖,2012-02-09 19:36:27+00:00,"مؤمن بالعمل كافر بالكسل دكتوراه في تخصص القانون الجنائي و كاتب صحفي بجريدة الوطن السعودية AlwatanSA@ حساب شخصي
للاستفسارات  Saudilegalquestions@gmail.com","الرياض, المملكة العربية السعود",164,ok,0,0,0,0,Neutral,انتخاب المملكه ممثله في هيئه الرقابه ومكافحه الفساد عضواً بمجلس الامناء للاكاديميه الدوليه لمكافحه الفساد,"['انتخاب', 'المملكه', 'ممثله', 'في', 'هيئه', 'الرقابه', 'ومكافحه', 'الفساد', 'عضوا', 'بمجلس', 'الامناء', 'للاكاديميه', 'الدوليه', 'لمكافحه', 'الفساد']","انتخاب, المملكه, ممثله, هيئه, الرقابه, ومكافحه, الفساد, عضوا, بمجلس, الامناء, للاكاديميه, الدوليه, لمكافحه, الفساد",المملكة العربية,Corruption,0,"Election, kingdom, representative, body, control, combing, corruption, member, council, secretaries, for amademia, international, to fight, corruption"
78,13,1511644891243294720,RT @nazaha_gov_sa: انتخاب المملكة ممثلة في #هيئة_الرقابة_ومكافحة_الفساد عضواً بمجلس الأمناء للأكاديمية الدولية لمكافحة الفساد (IACA). https…,164,0,Twitter for iPhone,2022-04-06 10:00:01+00:00,719467444,mdmksa,محمد بن دخيل المالكي🇸🇦MBS 穆罕默德 爱力马立剋,2013-10-17 16:52:15+00:00,كلنا يداًواحدة معى قيادتنا سيدي امام المسلمين خادم الحرمين الشريفين الملك سلمان الحزم حفظه الله ورعاه وسيدي المجد ولي العهد الامير محمد بن سلمان العزم حفظه الله,المملكة العربية السعودية,164,ok,0,0,0,0,Neutral,انتخاب المملكه ممثله في هيئه الرقابه ومكافحه الفساد عضواً بمجلس الامناء للاكاديميه الدوليه لمكافحه الفساد,"['انتخاب', 'المملكه', 'ممثله', 'في', 'هيئه', 'الرقابه', 'ومكافحه', 'الفساد', 'عضوا', 'بمجلس', 'الامناء', 'للاكاديميه', 'الدوليه', 'لمكافحه', 'الفساد']","انتخاب, المملكه, ممثله, هيئه, الرقابه, ومكافحه, الفساد, عضوا, بمجلس, الامناء, للاكاديميه, الدوليه, لمكافحه, الفساد",لمملكة العربية السعودية,Corruption,0,"Election, kingdom, representative, body, control, combing, corruption, member, council, secretaries, for amademia, international, to fight, corruption"
77,12,1511644920775430146,RT @nazaha_gov_sa: يمثل المملكة في مجلس أمناء الأكاديمية سعادة الدكتور شاكر بن أحمد الصالح، مدير عام الإدارة العامة لتعزيز النزاهة بـ #هيئة…,21,0,Twitter for iPhone,2022-04-06 10:00:08+00:00,719467444,mdmksa,محمد بن دخيل المالكي🇸🇦MBS 穆罕默德 爱力马立剋,2013-10-17 16:52:15+00:00,كلنا يداًواحدة معى قيادتنا سيدي امام المسلمين خادم الحرمين الشريفين الملك سلمان الحزم حفظه الله ورعاه وسيدي المجد ولي العهد الامير محمد بن سلمان العزم حفظه الله,المملكة العربية السعودية,21,ok,1,21,0,0,Positive,يمثل المملكه في مجلس امناء الاكاديميه سعاده الدكتور شاكر بن احمد الصالح مدير عام الاداره العامه لتعزيز النزاهه هيئه,"['يمثل', 'المملكه', 'في', 'مجلس', 'امناء', 'الاكاديميه', 'سعاده', 'الدكتور', 'شاكر', 'بن', 'احمد', 'الصالح', 'مدير', 'عام', 'الاداره', 'العامه', 'لتعزيز', 'النزاهه', 'هيئه']","يمثل, المملكه, مجلس, امناء, الاكاديميه, سعاده, الدكتور, شاكر, احمد, الصالح, مدير, عام, الاداره, العامه, لتعزيز, النزاهه, هيئه",لمملكة العربية السعودية,Others,1,"Represents, kingdom, council, secretaries, academy, happiness, Dr. Shaker, Ahmed, good, manager, general, management, public, to promote, integrity, integrity"
76,11,1511644991193600011,RT @nazaha_gov_sa: #هيئة_الرقابة_ومكافحة_الفساد تنظم بالتعاون مع شركائها من الجهات الحكومية والمؤسسات التعليمية خلال شهر شعبان 1443 هـ، عدد…,64,0,Twitter for iPhone,2022-04-06 10:00:25+00:00,719467444,mdmksa,محمد بن دخيل المالكي🇸🇦MBS 穆罕默德 爱力马立剋,2013-10-17 16:52:15+00:00,كلنا يداًواحدة معى قيادتنا سيدي امام المسلمين خادم الحرمين الشريفين الملك سلمان الحزم حفظه الله ورعاه وسيدي المجد ولي العهد الامير محمد بن سلمان العزم حفظه الله,المملكة العربية السعودية,64,ok,1,64,0,0,Positive,هيئه الرقابه ومكافحه الفساد تنظم بالتعاون مع شركائها من الجهات الحكوميه والموسسات التعليميه خلال شهر شعبان عدد,"['هيئه', 'الرقابه', 'ومكافحه', 'الفساد', 'تنظم', 'بالتعاون', 'مع', 'شركائها', 'من', 'الجهات', 'الحكوميه', 'والموسسات', 'التعليميه', 'خلال', 'شهر', 'شعبان', 'عدد']","هيئه, الرقابه, ومكافحه, الفساد, تنظم, بالتعاون, شركائها, الجهات, الحكوميه, والموسسات, التعليميه, شهر, شعبان, عدد",لمملكة العربية السعودية,Education,1,"Creates, control, fight, corruption, organizing, in cooperation, partners, agencies, government, institutions, educational, month, Shaaban, number"
73,8,1511673288010960898,RT @nazaha_gov_sa: انتخاب المملكة ممثلة في #هيئة_الرقابة_ومكافحة_الفساد عضواً بمجلس الأمناء للأكاديمية الدولية لمكافحة الفساد (IACA). https…,164,0,Twitter for iPhone,2022-04-06 11:52:52+00:00,928717896917938177,umshehana10,ام شيهانة,2017-11-09 20:16:16+00:00,بطلة حياتي قائدة نفسي فدائية في حب الوطن,المملكة العربية السعودية,164,ok,0,0,0,0,Neutral,انتخاب المملكه ممثله في هيئه الرقابه ومكافحه الفساد عضواً بمجلس الامناء للاكاديميه الدوليه لمكافحه الفساد,"['انتخاب', 'المملكه', 'ممثله', 'في', 'هيئه', 'الرقابه', 'ومكافحه', 'الفساد', 'عضوا', 'بمجلس', 'الامناء', 'للاكاديميه', 'الدوليه', 'لمكافحه', 'الفساد']","انتخاب, المملكه, ممثله, هيئه, الرقابه, ومكافحه, الفساد, عضوا, بمجلس, الامناء, للاكاديميه, الدوليه, لمكافحه, الفساد",لمملكة العربية السعودية,Corruption,0,"Election, kingdom, representative, body, control, combing, corruption, member, council, secretaries, for amademia, international, to fight, corruption"
72,7,1511675056308604930,RT @nazaha_gov_sa: انتخاب المملكة ممثلة في #هيئة_الرقابة_ومكافحة_الفساد عضواً بمجلس الأمناء للأكاديمية الدولية لمكافحة الفساد (IACA). https…,164,0,Twitter for iPhone,2022-04-06 11:59:53+00:00,203277749,mfdosari,Mubarak Fahad♿️♿️♿️,2010-10-15 22:52:11+00:00,,Riyadh,164,ok,0,0,0,0,Neutral,انتخاب المملكه ممثله في هيئه الرقابه ومكافحه الفساد عضواً بمجلس الامناء للاكاديميه الدوليه لمكافحه الفساد,"['انتخاب', 'المملكه', 'ممثله', 'في', 'هيئه', 'الرقابه', 'ومكافحه', 'الفساد', 'عضوا', 'بمجلس', 'الامناء', 'للاكاديميه', 'الدوليه', 'لمكافحه', 'الفساد']","انتخاب, المملكه, ممثله, هيئه, الرقابه, ومكافحه, الفساد, عضوا, بمجلس, الامناء, للاكاديميه, الدوليه, لمكافحه, الفساد",Riyadh,Corruption,0,"Election, kingdom, representative, body, control, combing, corruption, member, council, secretaries, for amademia, international, to fight, corruption"
70,5,1511702397718085632,RT @nazaha_gov_sa: انتخاب المملكة ممثلة في #هيئة_الرقابة_ومكافحة_الفساد عضواً بمجلس الأمناء للأكاديمية الدولية لمكافحة الفساد (IACA). https…,164,0,Twitter for Android,2022-04-06 13:48:32+00:00,747240910723907584,fisalam500,فيصل آل مساعد,2016-06-27 01:31:30+00:00,‏فِي انتظِار أيام حلوه تجبُر الخاطِر .,عنيزه,164,ok,0,0,0,0,Neutral,انتخاب المملكه ممثله في هيئه الرقابه ومكافحه الفساد عضواً بمجلس الامناء للاكاديميه الدوليه لمكافحه الفساد,"['انتخاب', 'المملكه', 'ممثله', 'في', 'هيئه', 'الرقابه', 'ومكافحه', 'الفساد', 'عضوا', 'بمجلس', 'الامناء', 'للاكاديميه', 'الدوليه', 'لمكافحه', 'الفساد']","انتخاب, المملكه, ممثله, هيئه, الرقابه, ومكافحه, الفساد, عضوا, بمجلس, الامناء, للاكاديميه, الدوليه, لمكافحه, الفساد",عنيزه,Corruption,0,"Election, kingdom, representative, body, control, combing, corruption, member, council, secretaries, for amademia, international, to fight, corruption"
68,3,1511724974658277378,RT @nazaha_gov_sa: انتخاب المملكة ممثلة في #هيئة_الرقابة_ومكافحة_الفساد عضواً بمجلس الأمناء للأكاديمية الدولية لمكافحة الفساد (IACA). https…,164,0,Twitter for iPhone,2022-04-06 15:18:15+00:00,527134798,sub1616,Ayed,2012-03-17 05:43:05+00:00,,"Riyadh, Kingdom of Saudi Arabia",164,ok,0,0,0,0,Neutral,انتخاب المملكه ممثله في هيئه الرقابه ومكافحه الفساد عضواً بمجلس الامناء للاكاديميه الدوليه لمكافحه الفساد,"['انتخاب', 'المملكه', 'ممثله', 'في', 'هيئه', 'الرقابه', 'ومكافحه', 'الفساد', 'عضوا', 'بمجلس', 'الامناء', 'للاكاديميه', 'الدوليه', 'لمكافحه', 'الفساد']","انتخاب, المملكه, ممثله, هيئه, الرقابه, ومكافحه, الفساد, عضوا, بمجلس, الامناء, للاكاديميه, الدوليه, لمكافحه, الفساد",Saudi Arabi,Corruption,0,"Election, kingdom, representative, body, control, combing, corruption, member, council, secretaries, for amademia, international, to fight, corruption"
